fpr,tpr,threshold,tp,fp
0.0,0.0,inf,0,0
0.6229508196721312,0.895774647887324,1.0,318,38
0.6557377049180327,0.9098591549295775,0.99375,323,40
0.6721311475409836,0.9323943661971831,0.9875,331,41
0.6721311475409836,0.9380281690140845,0.98125,333,41
0.6885245901639344,0.9492957746478873,0.975,337,42
0.6885245901639344,0.952112676056338,0.9625,338,42
0.6885245901639344,0.9577464788732394,0.95625,340,42
0.6885245901639344,0.9605633802816902,0.95,341,42
0.6885245901639344,0.9633802816901409,0.94375,342,42
0.7049180327868853,0.9661971830985916,0.9375,343,43
0.7049180327868853,0.9690140845070423,0.93125,344,43
0.7049180327868853,0.971830985915493,0.91875,345,43
0.7049180327868853,0.9746478873239437,0.9125,346,43
0.7049180327868853,0.9774647887323944,0.9,347,43
0.7213114754098361,0.9802816901408451,0.875,348,44
0.7213114754098361,0.9830985915492958,0.81875,349,44
0.7377049180327869,0.9830985915492958,0.8125,349,45
0.7377049180327869,0.9859154929577465,0.775,350,45
0.7377049180327869,0.9887323943661972,0.7625,351,45
0.7377049180327869,0.9915492957746479,0.7,352,45
0.7540983606557377,0.9915492957746479,0.61875,352,46
0.7868852459016393,0.9915492957746479,0.45,352,48
0.8032786885245902,0.9915492957746479,0.4,352,49
0.819672131147541,0.9915492957746479,0.375,352,50
0.8360655737704918,0.9943661971830986,0.3375,353,51
0.8524590163934426,0.9943661971830986,0.13125,353,52
0.8688524590163934,0.9943661971830986,0.075,353,53
0.8852459016393442,0.9943661971830986,0.025,353,54
0.9016393442622951,0.9943661971830986,0.0125,353,55
0.9180327868852459,0.9943661971830986,-0.0125,353,56
0.9508196721311475,0.9943661971830986,-0.15,353,58
0.9672131147540983,0.9943661971830986,-0.375,353,59
1.0,1.0,-inf,355,61
