fpr,tpr,threshold,tp,fp
0.0,0.0,inf,0,0
0.6445182724252492,0.9103800340328985,1.0,1605,194
0.6644518272425249,0.9245604083947816,0.99375,1630,200
0.6777408637873754,0.949517867271696,0.9875,1674,204
0.6777408637873754,0.9523539421440727,0.98125,1679,204
0.6976744186046512,0.9619965967101531,0.975,1696,210
0.6976744186046512,0.9625638116846285,0.96875,1697,210
0.6976744186046512,0.9648326715825298,0.9625,1701,210
0.6976744186046512,0.9682359614293817,0.95625,1707,210
0.6976744186046512,0.968803176403857,0.95,1708,210
0.7009966777408638,0.9693703913783324,0.94375,1709,211
0.7109634551495017,0.9722064662507091,0.9375,1714,214
0.7109634551495017,0.9767441860465116,0.93125,1722,214
0.717607973421927,0.9767441860465116,0.925,1722,216
0.717607973421927,0.9773114010209869,0.91875,1723,216
0.7209302325581395,0.9801474758933636,0.9125,1728,217
0.7209302325581395,0.9835507657402155,0.9,1734,217
0.7242524916943521,0.9863868406125922,0.875,1739,218
0.7242524916943521,0.9875212705615428,0.8625,1741,218
0.7242524916943521,0.9886557005104935,0.85625,1743,218
0.7342192691029901,0.9892229154849688,0.84375,1744,221
0.7342192691029901,0.9897901304594441,0.81875,1745,221
0.7375415282392026,0.9897901304594441,0.8125,1745,222
0.7375415282392026,0.9903573454339194,0.79375,1746,222
0.7375415282392026,0.9926262053318208,0.775,1750,222
0.7375415282392026,0.9954622802041974,0.7625,1755,222
0.7408637873754153,0.9954622802041974,0.75625,1755,223
0.7441860465116279,0.9954622802041974,0.75,1755,224
0.7475083056478405,0.9954622802041974,0.74375,1755,225
0.7508305647840532,0.9954622802041974,0.73125,1755,226
0.7541528239202658,0.9954622802041974,0.725,1755,227
0.7541528239202658,0.9960294951786727,0.7125,1756,227
0.7541528239202658,0.996596710153148,0.7,1757,227
0.7574750830564784,0.996596710153148,0.6875,1757,228
0.760797342192691,0.996596710153148,0.68125,1757,229
0.7641196013289037,0.996596710153148,0.675,1757,230
0.7674418604651163,0.996596710153148,0.6625,1757,231
0.770764119601329,0.996596710153148,0.64375,1757,232
0.7873754152823921,0.996596710153148,0.61875,1757,237
0.7906976744186046,0.996596710153148,0.51875,1757,238
0.8239202657807309,0.996596710153148,0.45,1757,248
0.8338870431893688,0.996596710153148,0.4,1757,251
0.8372093023255814,0.996596710153148,0.3875,1757,252
0.840531561461794,0.996596710153148,0.375,1757,253
0.8604651162790697,0.9994327850255247,0.3375,1762,259
0.8637873754152824,0.9994327850255247,0.3,1762,260
0.867109634551495,0.9994327850255247,0.29375,1762,261
0.8704318936877077,1.0,0.2875,1763,262
0.8737541528239202,1.0,0.275,1763,263
0.8770764119601329,1.0,0.15625,1763,264
0.8803986710963455,1.0,0.15,1763,265
0.8870431893687708,1.0,0.13125,1763,267
0.9003322259136213,1.0,0.1125,1763,271
0.9036544850498339,1.0,0.1,1763,272
0.9069767441860465,1.0,0.075,1763,273
0.9136212624584718,1.0,0.025,1763,275
0.9169435215946844,1.0,0.0125,1763,276
0.9235880398671097,1.0,0.0,1763,278
0.9269102990033222,1.0,-0.0125,1763,279
0.9302325581395349,1.0,-0.0625,1763,280
0.9368770764119602,1.0,-0.0875,1763,282
0.9401993355481728,1.0,-0.125,1763,283
0.9601328903654485,1.0,-0.15,1763,289
0.9634551495016611,1.0,-0.1875,1763,290
0.9667774086378738,1.0,-0.225,1763,291
0.973421926910299,1.0,-0.25,1763,293
0.9800664451827242,1.0,-0.3,1763,295
0.9833887043189369,1.0,-0.325,1763,296
0.9933554817275747,1.0,-0.375,1763,299
0.9966777408637874,1.0,-0.55,1763,300
1.0,1.0,-inf,1763,301
