id,group,source,assertion_line,status,equivalent,metric,valid,errors,mismatches,error
naturalness.TreeSet.add.7a94d0900ea5,naturalness,naturalness/TreeSet.java,234,generation_error,,,,,,RuntimeError: Worker failed; see generation.log
naturalness.TreeSet.add.351da135f45b,naturalness,naturalness/TreeSet.java,236,no_counterexample,True,equivchecker,,,,
naturalness.TreeSet.add.84da3e62f326,naturalness,naturalness/TreeSet.java,238,no_counterexample,True,equivchecker,,,,
naturalness.TreeSet.remove.d913918ad50c,naturalness,naturalness/TreeSet.java,261,counterexample,False,equivchecker,,,,
naturalness.TreeSet.remove.89b424b92cc2,naturalness,naturalness/TreeSet.java,263,no_counterexample,True,equivchecker,,,,
naturalness.TreeSet.remove.d9fcdbefa930,naturalness,naturalness/TreeSet.java,265,no_counterexample,True,equivchecker,,,,
naturalness.TreeSet.clear.0596968202b6,naturalness,naturalness/TreeSet.java,275,no_counterexample,True,equivchecker,,,,
naturalness.TreeSet.pollFirst.b8388eda4ce2,naturalness,naturalness/TreeSet.java,420,no_counterexample,True,equivchecker,,,,
naturalness.TreeSet.pollFirst.40ea4b3ef2b9,naturalness,naturalness/TreeSet.java,422,no_counterexample,True,equivchecker,,,,
naturalness.TreeSet.pollFirst.d360ac7f648d,naturalness,naturalness/TreeSet.java,424,no_counterexample,True,equivchecker,,,,
naturalness.TreeSet.pollLast.534644114e36,naturalness,naturalness/TreeSet.java,434,no_counterexample,True,equivchecker,,,,
naturalness.TreeSet.pollLast.75dd51a71ba3,naturalness,naturalness/TreeSet.java,436,counterexample,False,equivchecker,,,,
naturalness.TreeSet.pollLast.039059ddb119,naturalness,naturalness/TreeSet.java,438,no_counterexample,True,equivchecker,,,,
naturalness.Trie.add.776e82d43d15,naturalness,naturalness/Trie.java,68,no_counterexample,True,equivchecker,,,,
naturalness.Trie.add.d5a8762a9fae,naturalness,naturalness/Trie.java,70,no_counterexample,True,equivchecker,,,,
naturalness.Trie.add.6a1aa8a847f3,naturalness,naturalness/Trie.java,72,no_counterexample,True,equivchecker,,,,
naturalness.Trie.add.c7a38701e43c,naturalness,naturalness/Trie.java,74,no_counterexample,True,equivchecker,,,,
naturalness.Trie.add.5d8a88725f07,naturalness,naturalness/Trie.java,76,no_counterexample,True,equivchecker,,,,
naturalness.Trie.add.5600b759335b,naturalness,naturalness/Trie.java,78,compile_error,False,equivchecker,,,,
naturalness.Trie.add.ac04962bd32a,naturalness,naturalness/Trie.java,80,no_counterexample,True,equivchecker,,,,
naturalness.Trie.remove.e6ac1148ef45,naturalness,naturalness/Trie.java,139,no_counterexample,True,equivchecker,,,,
naturalness.Trie.remove.02f7b51c2749,naturalness,naturalness/Trie.java,141,no_counterexample,True,equivchecker,,,,
naturalness.Trie.remove.1fde42849258,naturalness,naturalness/Trie.java,143,no_counterexample,True,equivchecker,,,,
naturalness.Trie.remove.21c1f156cbcb,naturalness,naturalness/Trie.java,145,no_counterexample,True,equivchecker,,,,
naturalness.Trie.remove.5bd4f444c4e6,naturalness,naturalness/Trie.java,147,compile_error,False,equivchecker,,,,
naturalness.Trie.remove.fbee965e58a4,naturalness,naturalness/Trie.java,149,no_counterexample,True,equivchecker,,,,
naturalness.Trie.clear.7bb6e565ef66,naturalness,naturalness/Trie.java,163,no_counterexample,True,equivchecker,,,,
naturalness.Trie.clear.134e32113082,naturalness,naturalness/Trie.java,165,no_counterexample,True,equivchecker,,,,
naturalness.Trie.keysWithPrefix.76a6ab78d3a3,naturalness,naturalness/Trie.java,212,no_counterexample,True,equivchecker,,,,
naturalness.Trie.keysWithPrefix.296fb0c72878,naturalness,naturalness/Trie.java,214,no_counterexample,True,equivchecker,,,,
naturalness.UnionFind.addElement.a058f8380e33,naturalness,naturalness/UnionFind.java,54,no_counterexample,True,equivchecker,,,,
naturalness.UnionFind.addElement.9a43ffb7e919,naturalness,naturalness/UnionFind.java,56,no_counterexample,True,equivchecker,,,,
naturalness.UnionFind.addElement.c28c2e3032f6,naturalness,naturalness/UnionFind.java,58,no_counterexample,True,equivchecker,,,,
naturalness.UnionFind.addElement.f19c461931b9,naturalness,naturalness/UnionFind.java,60,no_counterexample,True,equivchecker,,,,
naturalness.UnionFind.union.27fd60aa7a7a,naturalness,naturalness/UnionFind.java,155,no_counterexample,True,equivchecker,,,,
naturalness.UnionFind.union.cd6f1610deaf,naturalness,naturalness/UnionFind.java,157,no_counterexample,True,equivchecker,,,,
naturalness.UnionFind.union.2133f436c5ce,naturalness,naturalness/UnionFind.java,159,no_counterexample,True,equivchecker,,,,
naturalness.UnionFind.reset.ef064dcf054c,naturalness,naturalness/UnionFind.java,207,no_counterexample,True,equivchecker,,,,
naturalness.UnionFind.reset.35c9bf43007f,naturalness,naturalness/UnionFind.java,209,no_counterexample,True,equivchecker,,,,
