method,fpr,tpr,threshold,tp,fp
Direct,0.0,0.0,inf,0,0
Direct,0.6737160120845922,0.9108527131782945,1.0,705,223
Direct,0.7552870090634441,0.9599483204134367,0.5,743,250
Direct,0.8640483383685801,0.9651162790697675,0.0,747,286
Direct,0.9244712990936556,0.9870801033591732,-0.5,764,306
Direct,1.0,0.9935400516795866,-1.0,769,331
Direct,1.0,1.0,-inf,774,331
Simple,0.0,0.0,inf,0,0
Simple,0.649546827794562,0.8475452196382429,1.0,656,215
Simple,0.6918429003021148,0.8979328165374677,0.875,695,229
Simple,0.7311178247734139,0.91343669250646,0.75,707,242
Simple,0.7583081570996979,0.9302325581395349,0.625,720,251
Simple,0.7734138972809668,0.9573643410852714,0.5,741,256
Simple,0.7885196374622356,0.962532299741602,0.375,745,261
Simple,0.8036253776435045,0.9664082687338501,0.25,748,266
Simple,0.8066465256797583,0.9689922480620154,0.125,750,267
Simple,0.8126888217522659,0.9702842377260982,0.0,751,269
Simple,0.8187311178247734,0.9728682170542635,-0.125,753,271
Simple,0.8459214501510574,0.975452196382429,-0.25,755,280
Simple,0.8580060422960725,0.975452196382429,-0.375,755,284
Simple,0.8731117824773413,0.9870801033591732,-0.5,764,289
Simple,0.8942598187311178,0.9883720930232558,-0.625,765,296
Simple,0.9214501510574018,0.9922480620155039,-0.75,768,305
Simple,0.9425981873111783,0.9948320413436692,-0.875,770,312
Simple,1.0,0.9974160206718347,-1.0,772,331
Simple,1.0,1.0,-inf,774,331
Bi-NLI,0.0,0.0,inf,0,0
Bi-NLI,0.33534743202416917,0.4573643410852713,1.0,354,111
Bi-NLI,0.3987915407854985,0.5581395348837209,0.875,432,132
Bi-NLI,0.4652567975830816,0.6421188630490956,0.75,497,154
Bi-NLI,0.5105740181268882,0.6989664082687338,0.625,541,169
Bi-NLI,0.5649546827794562,0.7390180878552972,0.5,572,187
Bi-NLI,0.6072507552870091,0.7635658914728682,0.375,591,201
Bi-NLI,0.6283987915407855,0.7855297157622739,0.25,608,208
Bi-NLI,0.6646525679758308,0.7958656330749354,0.125,616,220
Bi-NLI,0.6918429003021148,0.8423772609819121,0.0,652,229
Bi-NLI,0.7401812688821753,0.8772609819121447,-0.125,679,245
Bi-NLI,0.7764350453172205,0.917312661498708,-0.25,710,257
Bi-NLI,0.8217522658610272,0.9366925064599483,-0.375,725,272
Bi-NLI,0.8549848942598187,0.9599483204134367,-0.5,743,283
Bi-NLI,0.8700906344410876,0.9767441860465116,-0.625,756,288
Bi-NLI,0.9123867069486404,0.9883720930232558,-0.75,765,302
Bi-NLI,0.9395770392749244,0.9896640826873385,-0.875,766,311
Bi-NLI,0.9909365558912386,0.9961240310077519,-1.0,771,328
Bi-NLI,1.0,1.0,-inf,774,331
Ours-noCtx,0.0,0.0,inf,0,0
Ours-noCtx,0.5166163141993958,0.6976744186046512,1.0,540,171
Ours-noCtx,0.5166163141993958,0.7015503875968992,0.99375,543,171
Ours-noCtx,0.5709969788519638,0.7803617571059431,0.9875,604,189
Ours-noCtx,0.5770392749244713,0.7868217054263565,0.98125,609,191
Ours-noCtx,0.6193353474320241,0.8126614987080103,0.975,629,205
Ours-noCtx,0.6193353474320241,0.8165374677002584,0.96875,632,205
Ours-noCtx,0.6435045317220544,0.8294573643410853,0.9625,642,213
Ours-noCtx,0.6586102719033232,0.834625322997416,0.95,646,218
Ours-noCtx,0.6676737160120846,0.8540051679586563,0.9375,661,221
Ours-noCtx,0.6797583081570997,0.8630490956072352,0.925,668,225
Ours-noCtx,0.6797583081570997,0.8669250645994832,0.9125,671,225
Ours-noCtx,0.6797583081570997,0.8733850129198967,0.9,676,225
Ours-noCtx,0.6858006042296072,0.8733850129198967,0.8875,676,227
Ours-noCtx,0.6948640483383686,0.8824289405684754,0.875,683,230
Ours-noCtx,0.6978851963746223,0.8863049095607235,0.8625,686,231
Ours-noCtx,0.7009063444108762,0.8914728682170543,0.85,690,232
Ours-noCtx,0.7039274924471299,0.8992248062015504,0.8375,696,233
Ours-noCtx,0.7039274924471299,0.9043927648578811,0.825,700,233
Ours-noCtx,0.7129909365558912,0.9082687338501292,0.8125,703,236
Ours-noCtx,0.7129909365558912,0.9121447028423773,0.8,706,236
Ours-noCtx,0.7190332326283988,0.9121447028423773,0.78125,706,238
Ours-noCtx,0.7190332326283988,0.917312661498708,0.775,710,238
Ours-noCtx,0.7190332326283988,0.9224806201550387,0.7625,714,238
Ours-noCtx,0.7190332326283988,0.9263565891472868,0.75,717,238
Ours-noCtx,0.7190332326283988,0.9276485788113695,0.74375,718,238
Ours-noCtx,0.7341389728096677,0.9289405684754521,0.7375,719,243
Ours-noCtx,0.7341389728096677,0.9302325581395349,0.725,720,243
Ours-noCtx,0.7371601208459214,0.9315245478036176,0.7125,721,244
Ours-noCtx,0.7401812688821753,0.9315245478036176,0.7,721,245
Ours-noCtx,0.7401812688821753,0.9341085271317829,0.6875,723,245
Ours-noCtx,0.7401812688821753,0.9354005167958657,0.675,724,245
Ours-noCtx,0.7401812688821753,0.9366925064599483,0.66875,725,245
Ours-noCtx,0.7462235649546828,0.9392764857881137,0.6625,727,247
Ours-noCtx,0.7522658610271903,0.9392764857881137,0.65,727,249
Ours-noCtx,0.7522658610271903,0.9405684754521964,0.6375,728,249
Ours-noCtx,0.7643504531722054,0.9431524547803618,0.625,730,253
Ours-noCtx,0.7643504531722054,0.9444444444444444,0.6125,731,253
Ours-noCtx,0.7764350453172205,0.9483204134366925,0.6,734,257
Ours-noCtx,0.7764350453172205,0.9509043927648578,0.5875,736,257
Ours-noCtx,0.7854984894259819,0.9534883720930233,0.575,738,260
Ours-noCtx,0.7945619335347432,0.9560723514211886,0.5625,740,263
Ours-noCtx,0.8006042296072508,0.9560723514211886,0.55,740,265
Ours-noCtx,0.8006042296072508,0.9573643410852714,0.5375,741,265
Ours-noCtx,0.8066465256797583,0.9651162790697675,0.5125,747,267
Ours-noCtx,0.8126888217522659,0.9664082687338501,0.5,748,269
Ours-noCtx,0.8187311178247734,0.9677002583979328,0.4875,749,271
Ours-noCtx,0.8277945619335347,0.9677002583979328,0.475,749,274
Ours-noCtx,0.8277945619335347,0.9702842377260982,0.45,751,274
Ours-noCtx,0.8277945619335347,0.9767441860465116,0.4375,756,274
Ours-noCtx,0.8308157099697885,0.9767441860465116,0.43125,756,275
Ours-noCtx,0.8338368580060423,0.9767441860465116,0.4,756,276
Ours-noCtx,0.8368580060422961,0.9767441860465116,0.3875,756,277
Ours-noCtx,0.8398791540785498,0.9767441860465116,0.375,756,278
Ours-noCtx,0.8489425981873112,0.9767441860465116,0.3625,756,281
Ours-noCtx,0.851963746223565,0.9767441860465116,0.3375,756,282
Ours-noCtx,0.8640483383685801,0.9819121447028424,0.3125,760,286
Ours-noCtx,0.8640483383685801,0.9832041343669251,0.2875,761,286
Ours-noCtx,0.8670694864048338,0.9832041343669251,0.25,761,287
Ours-noCtx,0.8670694864048338,0.9844961240310077,0.1875,762,287
Ours-noCtx,0.8700906344410876,0.9844961240310077,0.1375,762,288
Ours-noCtx,0.8731117824773413,0.9844961240310077,0.125,762,289
Ours-noCtx,0.8731117824773413,0.9909560723514211,0.1,767,289
Ours-noCtx,0.8761329305135952,0.9909560723514211,0.05,767,290
Ours-noCtx,0.8912386706948641,0.9909560723514211,0.0,767,295
Ours-noCtx,0.8942598187311178,0.9909560723514211,-0.0125,767,296
Ours-noCtx,0.8972809667673716,0.9909560723514211,-0.1,767,297
Ours-noCtx,0.9003021148036254,0.9909560723514211,-0.125,767,298
Ours-noCtx,0.9033232628398792,0.9909560723514211,-0.1375,767,299
Ours-noCtx,0.9063444108761329,0.9909560723514211,-0.15,767,300
Ours-noCtx,0.9093655589123867,0.9909560723514211,-0.1625,767,301
Ours-noCtx,0.9123867069486404,0.9909560723514211,-0.175,767,302
Ours-noCtx,0.9154078549848943,0.9909560723514211,-0.2,767,303
Ours-noCtx,0.9154078549848943,0.9922480620155039,-0.2125,768,303
Ours-noCtx,0.918429003021148,0.9922480620155039,-0.2375,768,304
Ours-noCtx,0.9214501510574018,0.9922480620155039,-0.25,768,305
Ours-noCtx,0.9274924471299094,0.9922480620155039,-0.275,768,307
Ours-noCtx,0.9305135951661632,0.9922480620155039,-0.3625,768,308
Ours-noCtx,0.9305135951661632,0.9935400516795866,-0.4,769,308
Ours-noCtx,0.9335347432024169,0.9935400516795866,-0.425,769,309
Ours-noCtx,0.945619335347432,0.9935400516795866,-0.4375,769,313
Ours-noCtx,0.9486404833836858,0.9935400516795866,-0.45,769,314
Ours-noCtx,0.9516616314199395,0.9935400516795866,-0.5,769,315
Ours-noCtx,0.9546827794561934,0.9935400516795866,-0.55,769,316
Ours-noCtx,0.9577039274924471,0.9961240310077519,-0.575,771,317
Ours-noCtx,0.9607250755287009,0.9961240310077519,-0.6,771,318
Ours-noCtx,0.9637462235649547,0.9961240310077519,-0.625,771,319
Ours-noCtx,0.9667673716012085,0.9961240310077519,-0.7375,771,320
Ours-noCtx,0.9697885196374623,0.9961240310077519,-0.75,771,321
Ours-noCtx,0.9758308157099698,0.9961240310077519,-0.7875,771,323
Ours-noCtx,0.9788519637462235,0.9961240310077519,-0.8125,771,324
Ours-noCtx,0.9818731117824774,0.9961240310077519,-0.875,771,325
Ours-noCtx,0.9848942598187311,0.9974160206718347,-0.9375,772,326
Ours-noCtx,1.0,0.9974160206718347,-1.0,772,331
Ours-noCtx,1.0,1.0,-inf,774,331
Ours,0.0,0.0,inf,0,0
Ours,0.5498489425981873,0.8423772609819121,1.0,652,182
Ours,0.5619335347432024,0.8604651162790697,0.99375,666,186
Ours,0.6283987915407855,0.8863049095607235,0.9875,686,208
Ours,0.6283987915407855,0.8875968992248062,0.98125,687,208
Ours,0.6435045317220544,0.900516795865633,0.975,697,213
Ours,0.6555891238670695,0.900516795865633,0.96875,697,217
Ours,0.6797583081570997,0.9095607235142119,0.9625,704,225
Ours,0.6797583081570997,0.9147286821705426,0.95625,708,225
Ours,0.6797583081570997,0.917312661498708,0.95,710,225
Ours,0.6827794561933535,0.917312661498708,0.94375,710,226
Ours,0.6858006042296072,0.9198966408268734,0.9375,712,227
Ours,0.6888217522658611,0.9224806201550387,0.93125,714,228
Ours,0.6918429003021148,0.9302325581395349,0.925,720,229
Ours,0.6918429003021148,0.9354005167958657,0.91875,724,229
Ours,0.6948640483383686,0.937984496124031,0.9125,726,230
Ours,0.6978851963746223,0.9444444444444444,0.9,731,231
Ours,0.6978851963746223,0.9509043927648578,0.8875,736,231
Ours,0.7009063444108762,0.9521963824289406,0.875,737,232
Ours,0.7039274924471299,0.9521963824289406,0.8375,737,233
Ours,0.7039274924471299,0.9547803617571059,0.8125,739,233
Ours,0.7099697885196374,0.9547803617571059,0.80625,739,235
Ours,0.7099697885196374,0.9560723514211886,0.8,740,235
Ours,0.7129909365558912,0.9560723514211886,0.79375,740,236
Ours,0.716012084592145,0.9560723514211886,0.78125,740,237
Ours,0.7190332326283988,0.9560723514211886,0.775,740,238
Ours,0.7220543806646526,0.9560723514211886,0.7625,740,239
Ours,0.7250755287009063,0.9560723514211886,0.7375,740,240
Ours,0.7280966767371602,0.9560723514211886,0.73125,740,241
Ours,0.743202416918429,0.9612403100775194,0.725,744,246
Ours,0.7462235649546828,0.962532299741602,0.69375,745,247
Ours,0.7583081570996979,0.962532299741602,0.6875,745,251
Ours,0.7583081570996979,0.9689922480620154,0.675,750,251
Ours,0.7613293051359517,0.9689922480620154,0.66875,750,252
Ours,0.7643504531722054,0.9689922480620154,0.6625,750,253
Ours,0.7643504531722054,0.9702842377260982,0.625,751,253
Ours,0.7794561933534743,0.9702842377260982,0.6,751,258
Ours,0.7824773413897281,0.975452196382429,0.5875,755,259
Ours,0.7854984894259819,0.975452196382429,0.58125,755,260
Ours,0.7945619335347432,0.975452196382429,0.55,755,263
Ours,0.797583081570997,0.975452196382429,0.5375,755,264
Ours,0.8006042296072508,0.975452196382429,0.53125,755,265
Ours,0.8036253776435045,0.975452196382429,0.525,755,266
Ours,0.8066465256797583,0.975452196382429,0.5,755,267
Ours,0.8126888217522659,0.975452196382429,0.4875,755,269
Ours,0.8157099697885196,0.975452196382429,0.475,755,270
Ours,0.8187311178247734,0.975452196382429,0.4375,755,271
Ours,0.8217522658610272,0.9806201550387597,0.425,759,272
Ours,0.8217522658610272,0.9819121447028424,0.4125,760,272
Ours,0.824773413897281,0.9819121447028424,0.40625,760,273
Ours,0.8277945619335347,0.9819121447028424,0.39375,760,274
Ours,0.8368580060422961,0.9819121447028424,0.3875,760,277
Ours,0.8398791540785498,0.9819121447028424,0.38125,760,278
Ours,0.8429003021148036,0.9819121447028424,0.375,760,279
Ours,0.8489425981873112,0.9819121447028424,0.3625,760,281
Ours,0.8580060422960725,0.9832041343669251,0.35,761,284
Ours,0.8610271903323263,0.9832041343669251,0.325,761,285
Ours,0.8610271903323263,0.9844961240310077,0.3,762,285
Ours,0.8640483383685801,0.9844961240310077,0.25,762,286
Ours,0.8640483383685801,0.9857881136950905,0.23125,763,286
Ours,0.8670694864048338,0.9857881136950905,0.225,763,287
Ours,0.8700906344410876,0.9857881136950905,0.2125,763,288
Ours,0.8731117824773413,0.9857881136950905,0.15,763,289
Ours,0.8731117824773413,0.9870801033591732,0.1125,764,289
Ours,0.8761329305135952,0.9870801033591732,0.0625,764,290
Ours,0.879154078549849,0.9870801033591732,0.025,764,291
Ours,0.8821752265861027,0.9870801033591732,2.77556e-17,764,292
Ours,0.8851963746223565,0.9870801033591732,0.0,764,293
Ours,0.8882175226586103,0.9870801033591732,-0.05,764,294
Ours,0.8972809667673716,0.9870801033591732,-0.0625,764,297
Ours,0.9003021148036254,0.9870801033591732,-0.0875,764,298
Ours,0.9063444108761329,0.9870801033591732,-0.1375,764,300
Ours,0.9063444108761329,0.9883720930232558,-0.15,765,300
Ours,0.9093655589123867,0.9883720930232558,-0.175,765,301
Ours,0.9123867069486404,0.9883720930232558,-0.25,765,302
Ours,0.9154078549848943,0.9883720930232558,-0.275,765,303
Ours,0.918429003021148,0.9896640826873385,-0.2875,766,304
Ours,0.9244712990936556,0.9896640826873385,-0.3125,766,306
Ours,0.9274924471299094,0.9896640826873385,-0.325,766,307
Ours,0.9274924471299094,0.9922480620155039,-0.3875,768,307
Ours,0.9305135951661632,0.9922480620155039,-0.5125,768,308
Ours,0.9335347432024169,0.9922480620155039,-0.55,768,309
Ours,0.9365558912386707,0.9922480620155039,-0.5625,768,310
Ours,0.9395770392749244,0.9922480620155039,-0.5875,768,311
Ours,0.9425981873111783,0.9922480620155039,-0.625,768,312
Ours,0.945619335347432,0.9922480620155039,-0.65,768,313
Ours,0.9516616314199395,0.9922480620155039,-0.6875,768,315
Ours,0.9546827794561934,0.9922480620155039,-0.75,768,316
Ours,0.9546827794561934,0.9935400516795866,-0.925,769,316
Ours,0.9577039274924471,0.9935400516795866,-0.9375,769,317
Ours,0.9607250755287009,0.9935400516795866,-0.95,769,318
Ours,0.9637462235649547,0.9935400516795866,-0.9625,769,319
Ours,0.972809667673716,0.9935400516795866,-1.0,769,322
Ours,1.0,1.0,-inf,774,331
